{
    "default_width": 0,
    "default_height": 0,
    "space_h": 0,
    "space_v": 0,
    "flags": 8,
    "overlay_width": 1592,
    "overlay_height": 595,
    "elements": [
        {
            "type": 1,
            "pos": [
                198,
                0
            ],
            "id": "W",
            "z_level": 0,
            "mapping": [
                22,
                22,
                179,
                179
            ],
            "code": 17
        },
        {
            "type": 1,
            "pos": [
                0,
                194
            ],
            "id": "A",
            "z_level": "0",
            "mapping": [
                210,
                22,
                179,
                179
            ],
            "code": 30
        },
        {
            "type": 1,
            "pos": [
                198,
                194
            ],
            "id": "S",
            "z_level": "0",
            "mapping": [
                402,
                22,
                179,
                179
            ],
            "code": 31
        },
        {
            "type": 1,
            "pos": [
                392,
                194
            ],
            "id": "D",
            "z_level": "0",
            "mapping": [
                590,
                22,
                179,
                179
            ],
            "code": 32
        },
        {
            "type": 1,
            "pos": [
                644,
                194
            ],
            "id": "J",
            "z_level": "0",
            "mapping": [
                209,
                389,
                179,
                179
            ],
            "code": 36
        },
        {
            "type": 1,
            "pos": [
                838,
                194
            ],
            "id": "K",
            "z_level": "0",
            "mapping": [
                397,
                389,
                180,
                179
            ],
            "code": 37
        },
        {
            "type": 1,
            "pos": [
                1033,
                194
            ],
            "id": "L",
            "z_level": "0",
            "mapping": [
                589,
                389,
                179,
                179
            ],
            "code": 38
        },
        {
            "type": 1,
            "pos": [
                167,
                414
            ],
            "id": "Space",
            "z_level": "0",
            "mapping": [
                22,
                752,
                878,
                181
            ],
            "code": 57
        },
        {
            "type": 3,
            "pos": [
                1252,
                0
            ],
            "id": "LMB",
            "z_level": "0",
            "mapping": [
                776,
                22,
                121,
                178
            ],
            "code": 1
        },
        {
            "type": 3,
            "pos": [
                1398,
                18
            ],
            "id": "MMB",
            "z_level": 0,
            "mapping": [
                777,
                385,
                49,
                142
            ],
            "code": 3
        },
        {
            "type": 3,
            "pos": [
                1471,
                0
            ],
            "id": "RMB",
            "z_level": "0",
            "mapping": [
                776,
                22,
                121,
                178
            ],
            "code": 2
        },
        {
            "type": 1,
            "pos": [
                838,
                0
            ],
            "id": "I",
            "z_level": "0",
            "mapping": [
                24,
                389,
                179,
                179
            ],
            "code": 23
        },
        {
            "type": 0,
            "pos": [
                1251,
                206
            ],
            "id": "Mouse",
            "z_level": "0",
            "mapping": [
                922,
                22,
                341,
                386
            ]
        }
    ]
}